Rhythm of the Stars,14,04:25
Melodic Serenade,27,03:52
Soulful Groove,6,05:18
Electric Dreams,31,03:30
Funky Fusion,18,04:59
Jazzy Reflections,10,06:12
Harmony in Motion,22,03:45
Acoustic Reverie,35,04:10
Rockin' Thunder,4,03:15
Midnight Melody,19,05:05
Bluesy Embrace,12,04:38
Melancholic Ballad,25,03:55
Energetic Beats,8,04:02
Dreamy Voyage,33,06:30
Pop Sensation,2,03:48
Reggae Vibes,36,04:20
Soothing Serenade,16,04:45
Upbeat Swing,28,03:20
Latin Fiesta,7,05:55
Rhythmic Pulse,23,04:16
Soulful Whispers,9,04:28
Epic Adventure,32,05:50
Mellow Melodies,20,03:42
Funky Groove Machine,14,04:15
Jazz Fusion Delight,29,06:02
Harmonic Reverberation,3,04:12
Dreamy Escapade,21,04:50
Acoustic Serenity,11,03:35
Rock Anthem,37,04:25
Serenading Moonlight,17,05:18
Bluesy Reflections,24,04:05
Energetic Rhythms,5,03:58
Captivating Melody,30,05:20
Pop Delight,15,03:40
Reggae Sunshine,1,04:18
Soothing Tranquility,26,04:32
Dynamic Groove,13,03:50
Latin Celebration,34,06:15
Rhythmic Harmony,7,04:22
Harmonious Bliss,12,03:30
Mystic Harmony,25,04:48
Epic Journey,6,05:32
Soulful Serenade,31,04:10
Funky Vibes,16,03:55
Jazzy Delight,23,06:05
Melodic Reflections,9,04:18
Harmonic Dreams,28,03:40
Acoustic Bliss,15,04:25
Rocking Memories,38,03:48
Serenading Sunset,2,04:35
Bluesy Serenity,27,04:02
Energetic Pulse,4,03:30
Enchanting Melody,33,05:50
Pop Magic,19,03:42
Reggae Groove,7,04:20
Soothing Tranquility,36,04:45
Dynamic Rhythms,18,03:55
Latin Serenade,12,05:22
Rhythmic Awakening,35,04:12
Harmonious Journey,11,03:28
Soulful Serenity,13,04:32
Epic Quest,24,05:15
Mellow Harmonies,30,03:48
Funky Rhythm,8,04:02
Jazzy Escape,34,06:12
Melodic Journeys,10,04:25
Harmonic Whispers,26,03:40
Dreamy Reflection,17,04:18
Rocking Energy,3,03:55
Serenading Dreams,36,04:48
Bluesy Sunset,21,04:10
Energetic Groove,5,03:30
Enchanting Melodies,32,05:02
Pop Sensations,15,03:42
Reggae Harmony,37,04:20
Soothing Melancholy,14,04:45
Dynamic Beats,19,03:55
Latin Rhythms,11,05:05
Rhythmic Vibes,35,04:12
Harmonious Exploration,7,03:28